{"pageElement": {"id": "a58656c8-b547-d3aa-d113-ca04509cbf50", "pageElements": [{"definition": {"fragmentStyle": {"paddingBottom": "7", "paddingLeft": "9", "paddingRight": "9", "paddingTop": "7"}, "indexed": true, "layout": {"paddingBottom": 8, "paddingTop": 8, "widthType": "Fixed"}, "name": "General Info Page"}, "id": "5535ad20-8d8e-8846-89b9-8c9f414deafe", "pageElements": [{"definition": {"fragmentStyle": {"borderRadius": "15px", "marginBottom": "5", "maxHeight": "460px", "overflow": "hidden"}, "indexed": true, "layout": {"marginBottom": 4}, "name": "Image Wrapper"}, "id": "fad87642-98f9-bf43-ff71-bfa949c1e0c4", "pageElements": [{"definition": {"fragment": {"key": "BASIC_COMPONENT-image"}, "fragmentConfig": {"imageSize": "w-100"}, "fragmentFields": [{"id": "image-square", "value": {"fragmentImage": {"url": {"mapping": {"fieldKey": "DDMStructure_Image23734243", "itemReference": {"contextSource": "DisplayPageItem"}}}}, "fragmentLink": {}}}], "indexed": true}, "id": "9635ef23-9bbe-aab9-ff30-2de4f513957c", "type": "Fragment"}], "type": "Section"}, {"definition": {"fragment": {"key": "BASIC_COMPONENT-heading"}, "fragmentConfig": {"headingLevel": "h1"}, "fragmentFields": [{"id": "element-text", "value": {"fragmentLink": {}, "text": {"mapping": {"fieldKey": "JournalArticle_title", "itemReference": {"contextSource": "DisplayPageItem"}}}}}], "fragmentStyle": {"marginBottom": "3"}, "indexed": true}, "id": "729c010c-ed0f-4b60-255b-19f99749df4d", "type": "Fragment"}, {"definition": {"fragment": {"key": "BASIC_COMPONENT-heading"}, "fragmentConfig": {"headingLevel": "h2"}, "fragmentFields": [{"id": "element-text", "value": {"fragmentLink": {}, "text": {"mapping": {"fieldKey": "DDMStructure_RichText82179870", "itemReference": {"contextSource": "DisplayPageItem"}}}}}], "fragmentStyle": {"marginBottom": "5"}, "indexed": true}, "id": "ecf234a3-dd0a-307a-7cb2-d4f17432ee61", "type": "Fragment"}, {"definition": {"fragment": {"key": "BASIC_COMPONENT-html"}, "fragmentConfig": {}, "fragmentFields": [{"id": "element-html", "value": {"html": {"mapping": {"fieldKey": "DDMStructure_RichText38034135", "itemReference": {"contextSource": "DisplayPageItem"}}}}}], "indexed": true}, "id": "707a5fa9-67d3-0a74-c206-6200b64e11c4", "type": "Fragment"}], "type": "Section"}], "type": "Root"}, "settings": {"colorSchemeName": "01", "masterPage": {"key": "primary-master-page"}, "themeName": "Classic", "themeSettings": {"lfr-theme:regular:show-header-search":"false","lfr-theme:regular:show-header":"false","lfr-theme:regular:show-footer":"false","lfr-theme:regular:wrap-widget-page-content":"false"}}, "version": 1.1}